Date,Ticker,Open,High,Low,Close,Adj Close,Volume
2020-01-02,DDR,14.06999969482422,14.06999969482422,13.300000190734863,13.399999618530272,13.399999618530272,1091300
2020-01-03,DDR,13.369999885559082,13.640000343322754,13.359999656677246,13.609999656677246,13.609999656677246,1081900
2020-01-06,DDR,13.609999656677246,13.75,13.529999732971191,13.600000381469728,13.600000381469728,2725300
2020-01-07,DDR,13.520000457763672,13.579999923706056,13.020000457763672,13.079999923706056,13.079999923706056,1928800
2020-01-08,DDR,13.100000381469728,13.149999618530272,12.960000038146973,13.029999732971191,13.029999732971191,1190200
2020-01-09,DDR,13.020000457763672,13.109999656677246,12.5600004196167,12.640000343322754,12.640000343322754,1589400
2020-01-10,DDR,12.649999618530272,12.779999732971191,12.609999656677246,12.739999771118164,12.739999771118164,1665800
2020-01-13,DDR,12.789999961853027,12.960000038146973,12.699999809265137,12.93000030517578,12.93000030517578,1472600
2020-01-14,DDR,12.9399995803833,13.210000038146973,12.869999885559082,13.100000381469728,13.100000381469728,2514600
2020-01-15,DDR,13.100000381469728,13.300000190734863,13.100000381469728,13.170000076293944,13.170000076293944,1842500
2020-01-16,DDR,13.1899995803833,13.350000381469728,13.130000114440918,13.279999732971191,13.279999732971191,1077700
2020-01-17,DDR,13.289999961853027,13.399999618530272,13.210000038146973,13.31999969482422,13.31999969482422,1090300
2020-01-21,DDR,13.300000190734863,13.5600004196167,13.279999732971191,13.510000228881836,13.510000228881836,886500
2020-01-22,DDR,13.56999969482422,13.640000343322754,13.4399995803833,13.5,13.5,927100
2020-01-23,DDR,13.460000038146973,13.670000076293944,13.369999885559082,13.579999923706056,13.579999923706056,1018600
2020-01-24,DDR,13.579999923706056,13.609999656677246,13.420000076293944,13.470000267028809,13.470000267028809,546200
2020-01-27,DDR,13.43000030517578,13.4399995803833,13.18000030517578,13.199999809265137,13.199999809265137,516100
2020-01-28,DDR,13.220000267028809,13.369999885559082,13.079999923706056,13.229999542236328,13.229999542236328,1339800
2020-01-29,DDR,13.229999542236328,13.31999969482422,13.09000015258789,13.100000381469728,13.100000381469728,832200
2020-01-30,DDR,13.06999969482422,13.100000381469728,12.56999969482422,12.81999969482422,12.81999969482422,2249100
2020-01-31,DDR,12.770000457763672,12.84000015258789,12.670000076293944,12.710000038146973,12.710000038146973,2328300
2020-02-03,DDR,12.760000228881836,12.989999771118164,12.6899995803833,12.789999961853027,12.789999961853027,2163400
2020-02-04,DDR,12.850000381469728,13.170000076293944,12.760000228881836,13.050000190734863,13.050000190734863,1233100
2020-02-05,DDR,13.039999961853027,13.109999656677246,12.90999984741211,12.9399995803833,12.9399995803833,1459200
2020-02-06,DDR,12.989999771118164,13.109999656677246,12.949999809265137,13.020000457763672,13.020000457763672,1118400
2020-02-07,DDR,13.010000228881836,13.029999732971191,12.869999885559082,12.93000030517578,12.93000030517578,868400
2020-02-10,DDR,13.029999732971191,13.079999923706056,12.920000076293944,13.06999969482422,13.06999969482422,1157400
2020-02-11,DDR,13.130000114440918,13.170000076293944,12.6899995803833,12.75,12.75,1432000
2020-02-12,DDR,12.829999923706056,12.859999656677246,12.529999732971191,12.609999656677246,12.609999656677246,1592900
2020-02-13,DDR,12.640000343322754,13.380000114440918,12.640000343322754,12.93000030517578,12.93000030517578,2937700
2020-02-14,DDR,12.93000030517578,13.100000381469728,12.800000190734863,12.989999771118164,12.989999771118164,1637200
2020-02-18,DDR,13.039999961853027,13.119999885559082,12.90999984741211,13.050000190734863,13.050000190734863,1308900
2020-02-19,DDR,13.050000190734863,13.050000190734863,12.630000114440918,12.760000228881836,12.760000228881836,1229000
2020-02-20,DDR,12.649999618530272,13.039999961853027,12.649999618530272,13.039999961853027,13.039999961853027,1156100
2020-02-21,DDR,13.020000457763672,13.1899995803833,12.9399995803833,13.1899995803833,13.1899995803833,966900
2020-02-24,DDR,12.970000267028809,13.130000114440918,12.920000076293944,13.029999732971191,13.029999732971191,985300
2020-02-25,DDR,13.029999732971191,13.100000381469728,12.550000190734863,12.550000190734863,12.550000190734863,1128700
2020-02-26,DDR,12.579999923706056,12.619999885559082,12.239999771118164,12.25,12.25,917100
2020-02-27,DDR,12.029999732971191,12.18000030517578,11.579999923706056,11.59000015258789,11.59000015258789,1539300
2020-02-28,DDR,11.300000190734863,11.630000114440918,11.0,11.510000228881836,11.510000228881836,4304300
2020-03-02,DDR,11.5600004196167,11.890000343322754,11.270000457763672,11.850000381469728,11.850000381469728,1877300
2020-03-03,DDR,11.850000381469728,12.0600004196167,11.4399995803833,11.609999656677246,11.609999656677246,2314900
2020-03-04,DDR,11.75,11.9399995803833,11.56999969482422,11.9399995803833,11.9399995803833,2016300
2020-03-05,DDR,11.670000076293944,11.779999732971191,11.470000267028809,11.670000076293944,11.670000076293944,1228800
2020-03-06,DDR,11.470000267028809,11.479999542236328,11.029999732971191,11.449999809265137,11.449999809265137,1755900
2020-03-09,DDR,10.59000015258789,10.670000076293944,9.800000190734863,9.989999771118164,9.989999771118164,1251700
2020-03-10,DDR,10.199999809265137,10.380000114440918,9.779999732971191,10.380000114440918,10.380000114440918,1070800
2020-03-11,DDR,10.09000015258789,10.09000015258789,9.210000038146973,9.270000457763672,9.270000457763672,4109800
2020-03-12,DDR,8.59000015258789,8.739999771118164,7.010000228881836,7.03000020980835,7.03000020980835,3171300
2020-03-13,DDR,7.75,8.279999732971191,7.400000095367432,8.109999656677246,8.109999656677246,5158800
2020-03-16,DDR,7.190000057220459,7.550000190734863,6.150000095367432,6.210000038146973,6.210000038146973,2660000
2020-03-17,DDR,6.289999961853027,6.679999828338623,5.840000152587891,6.050000190734863,6.050000190734863,4060900
2020-03-18,DDR,5.710000038146973,5.769999980926514,4.639999866485596,4.71999979019165,4.71999979019165,3402900
2020-03-19,DDR,4.920000076293945,5.159999847412109,3.5999999046325684,4.940000057220459,4.940000057220459,4156800
2020-03-20,DDR,5.369999885559082,6.289999961853027,5.329999923706055,5.670000076293945,5.670000076293945,3470500
2020-03-23,DDR,5.659999847412109,5.659999847412109,4.929999828338623,5.28000020980835,5.28000020980835,1365400
2020-03-24,DDR,5.599999904632568,5.840000152587891,4.960000038146973,5.400000095367432,5.400000095367432,3450000
2020-03-25,DDR,5.489999771118164,6.21999979019165,5.010000228881836,5.699999809265137,5.699999809265137,2986700
2020-03-26,DDR,5.78000020980835,6.380000114440918,5.53000020980835,6.130000114440918,6.130000114440918,2034700
2020-03-27,DDR,5.849999904632568,5.889999866485596,5.409999847412109,5.570000171661377,5.570000171661377,1860400
2020-03-30,DDR,5.630000114440918,5.650000095367432,4.650000095367432,5.179999828338623,5.179999828338623,2789900
2020-03-31,DDR,5.139999866485596,5.53000020980835,5.059999942779541,5.210000038146973,5.210000038146973,3374600
2020-04-01,DDR,4.909999847412109,5.059999942779541,4.429999828338623,4.690000057220459,4.690000057220459,2100300
2020-04-02,DDR,4.510000228881836,4.869999885559082,4.050000190734863,4.289999961853027,4.289999961853027,2110500
2020-04-03,DDR,4.230000019073486,4.440000057220459,4.070000171661377,4.289999961853027,4.289999961853027,3628200
2020-04-06,DDR,4.590000152587891,5.130000114440918,4.590000152587891,5.0,5.0,4079900
2020-04-07,DDR,5.28000020980835,5.980000019073486,5.159999847412109,5.690000057220459,5.690000057220459,2768700
2020-04-08,DDR,5.960000038146973,6.119999885559082,5.420000076293945,6.119999885559082,6.119999885559082,2475400
2020-04-09,DDR,6.400000095367432,7.050000190734863,6.190000057220459,6.420000076293945,6.420000076293945,3576500
2020-04-13,DDR,6.510000228881836,6.590000152587891,5.940000057220459,6.300000190734863,6.300000190734863,1509800
2020-04-14,DDR,6.46999979019165,6.670000076293945,6.130000114440918,6.409999847412109,6.409999847412109,1351800
2020-04-15,DDR,6.150000095367432,6.21999979019165,5.710000038146973,6.139999866485596,6.139999866485596,2061500
2020-04-16,DDR,6.150000095367432,6.320000171661377,5.329999923706055,5.409999847412109,5.409999847412109,3006300
2020-04-17,DDR,5.710000038146973,6.070000171661377,5.679999828338623,5.760000228881836,5.760000228881836,1721000
2020-04-20,DDR,5.550000190734863,5.550000190734863,4.929999828338623,5.059999942779541,5.059999942779541,3060900
2020-04-21,DDR,4.849999904632568,5.010000228881836,4.789999961853027,4.880000114440918,4.880000114440918,1749300
2020-04-22,DDR,4.940000057220459,5.03000020980835,4.619999885559082,4.769999980926514,4.769999980926514,2275800
2020-04-23,DDR,4.800000190734863,5.269999980926514,4.769999980926514,4.900000095367432,4.900000095367432,2350800
2020-04-24,DDR,4.900000095367432,5.010000228881836,4.650000095367432,4.840000152587891,4.840000152587891,1286900
2020-04-27,DDR,4.699999809265137,5.150000095367432,4.599999904632568,5.050000190734863,5.050000190734863,3764500
2020-04-28,DDR,5.28000020980835,5.760000228881836,5.28000020980835,5.480000019073486,5.480000019073486,2891100
2020-04-29,DDR,5.650000095367432,6.039999961853027,5.590000152587891,6.010000228881836,6.010000228881836,4398600
2020-04-30,DDR,5.909999847412109,6.199999809265137,5.699999809265137,6.059999942779541,6.059999942779541,4852700
2020-05-01,DDR,5.840000152587891,5.980000019073486,5.570000171661377,5.71999979019165,5.71999979019165,1396600
2020-05-04,DDR,5.409999847412109,5.619999885559082,5.150000095367432,5.400000095367432,5.400000095367432,4328300
2020-05-05,DDR,5.460000038146973,5.889999866485596,5.460000038146973,5.570000171661377,5.570000171661377,1557500
2020-05-06,DDR,5.789999961853027,5.800000190734863,5.130000114440918,5.199999809265137,5.199999809265137,1450800
2020-05-07,DDR,5.199999809265137,5.619999885559082,5.190000057220459,5.340000152587891,5.340000152587891,1612900
2020-05-08,DDR,5.449999809265137,5.849999904632568,5.409999847412109,5.659999847412109,5.659999847412109,2352300
2020-05-11,DDR,5.559999942779541,5.559999942779541,5.130000114440918,5.179999828338623,5.179999828338623,1296700
2020-05-12,DDR,5.179999828338623,5.239999771118164,4.840000152587891,4.860000133514404,4.860000133514404,1974900
2020-05-13,DDR,4.75,4.800000190734863,4.210000038146973,4.510000228881836,4.510000228881836,3068900
2020-05-14,DDR,4.400000095367432,4.949999809265137,4.28000020980835,4.820000171661377,4.820000171661377,2199000
2020-05-15,DDR,4.670000076293945,4.769999980926514,4.489999771118164,4.650000095367432,4.650000095367432,1714900
2020-05-18,DDR,4.889999866485596,5.699999809265137,4.889999866485596,5.449999809265137,5.449999809265137,3262400
2020-05-19,DDR,5.409999847412109,5.590000152587891,5.199999809265137,5.480000019073486,5.480000019073486,2269300
2020-05-20,DDR,5.519999980926514,5.630000114440918,5.239999771118164,5.369999885559082,5.369999885559082,2085700
2020-05-21,DDR,5.329999923706055,5.929999828338623,5.300000190734863,5.78000020980835,5.78000020980835,4595300
2020-05-22,DDR,5.760000228881836,5.829999923706055,5.510000228881836,5.639999866485596,5.639999866485596,1276900
2020-05-26,DDR,5.989999771118164,6.269999980926514,5.929999828338623,6.119999885559082,6.119999885559082,3389500
2020-05-27,DDR,6.46999979019165,6.550000190734863,5.980000019073486,6.239999771118164,6.239999771118164,2045300
2020-05-28,DDR,6.320000171661377,6.320000171661377,5.900000095367432,5.960000038146973,5.960000038146973,1907000
2020-05-29,DDR,5.880000114440918,5.909999847412109,5.639999866485596,5.670000076293945,5.670000076293945,3421900
2020-06-01,DDR,5.690000057220459,6.25,5.639999866485596,6.110000133514404,6.110000133514404,1614400
2020-06-02,DDR,6.239999771118164,7.010000228881836,6.239999771118164,6.960000038146973,6.960000038146973,3464700
2020-06-03,DDR,7.239999771118164,8.029999732971191,7.230000019073486,7.739999771118164,7.739999771118164,3057400
2020-06-04,DDR,7.630000114440918,8.069999694824219,7.409999847412109,8.039999961853027,8.039999961853027,1411600
2020-06-05,DDR,8.680000305175781,9.260000228881836,8.680000305175781,8.829999923706055,8.829999923706055,4392100
2020-06-08,DDR,9.149999618530272,9.789999961853027,9.09000015258789,9.470000267028809,9.470000267028809,2778900
2020-06-09,DDR,9.029999732971191,9.199999809265137,8.59000015258789,9.170000076293944,9.170000076293944,4591300
2020-06-10,DDR,9.010000228881836,9.010000228881836,8.029999732971191,8.5,8.5,4229700
2020-06-11,DDR,7.650000095367432,7.920000076293945,7.25,7.340000152587891,7.340000152587891,2128500
2020-06-12,DDR,7.880000114440918,8.109999656677246,7.690000057220459,8.039999961853027,8.039999961853027,2258400
2020-06-15,DDR,7.440000057220459,8.210000038146973,7.400000095367432,8.029999732971191,8.029999732971191,2734600
2020-06-16,DDR,8.600000381469727,8.710000038146973,7.960000038146973,8.130000114440918,8.130000114440918,2836400
2020-06-17,DDR,8.109999656677246,8.239999771118164,7.809999942779541,7.820000171661377,7.820000171661377,2367200
2020-06-18,DDR,7.650000095367432,8.100000381469727,7.599999904632568,7.909999847412109,7.909999847412109,2089200
2020-06-19,DDR,7.880000114440918,7.980000019073486,7.510000228881836,7.559999942779541,7.559999942779541,3355900
2020-06-22,DDR,7.610000133514404,7.739999771118164,7.389999866485596,7.570000171661377,7.570000171661377,2062600
2020-06-23,DDR,7.739999771118164,7.940000057220459,7.5,7.550000190734863,7.550000190734863,2677300
2020-06-24,DDR,7.440000057220459,7.550000190734863,7.0,7.289999961853027,7.289999961853027,1966600
2020-06-25,DDR,7.21999979019165,7.610000133514404,7.110000133514404,7.449999809265137,7.449999809265137,2266300
2020-06-26,DDR,8.170000076293945,8.270000457763672,7.320000171661377,7.429999828338623,7.429999828338623,26805500
2020-06-29,DDR,7.570000171661377,8.109999656677246,7.460000038146973,8.050000190734863,8.050000190734863,7840600
2020-06-30,DDR,7.980000019073486,8.25,7.789999961853027,8.100000381469727,8.100000381469727,36583400
2020-07-01,DDR,8.119999885559082,8.390000343322754,7.929999828338623,8.079999923706055,8.079999923706055,3277100
2020-07-02,DDR,8.380000114440918,8.4399995803833,7.920000076293945,7.949999809265137,7.949999809265137,2703400
2020-07-06,DDR,8.170000076293945,8.239999771118164,7.639999866485596,7.739999771118164,7.739999771118164,2057300
2020-07-07,DDR,7.559999942779541,7.679999828338623,7.320000171661377,7.519999980926514,7.519999980926514,2560500
2020-07-08,DDR,7.480000019073486,7.639999866485596,7.239999771118164,7.53000020980835,7.53000020980835,3964900
2020-07-09,DDR,7.46999979019165,7.539999961853027,7.119999885559082,7.28000020980835,7.28000020980835,3530700
2020-07-10,DDR,7.269999980926514,7.53000020980835,7.239999771118164,7.519999980926514,7.519999980926514,1716200
2020-07-13,DDR,7.599999904632568,7.599999904632568,7.25,7.360000133514404,7.360000133514404,2592200
2020-07-14,DDR,7.360000133514404,7.360000133514404,7.059999942779541,7.159999847412109,7.159999847412109,1567800
2020-07-15,DDR,7.400000095367432,7.610000133514404,7.269999980926514,7.510000228881836,7.510000228881836,4580700
2020-07-16,DDR,7.429999828338623,7.510000228881836,7.269999980926514,7.440000057220459,7.440000057220459,2170200
2020-07-17,DDR,7.449999809265137,7.449999809265137,6.96999979019165,7.210000038146973,7.210000038146973,1725300
2020-07-20,DDR,7.110000133514404,7.21999979019165,7.0,7.050000190734863,7.050000190734863,1840600
2020-07-21,DDR,7.159999847412109,7.269999980926514,7.039999961853027,7.179999828338623,7.179999828338623,2108100
2020-07-22,DDR,7.070000171661377,7.329999923706055,6.940000057220459,7.21999979019165,7.21999979019165,1531600
2020-07-23,DDR,7.139999866485596,7.25,6.96999979019165,7.090000152587891,7.090000152587891,1281600
2020-07-24,DDR,7.050000190734863,7.139999866485596,6.920000076293945,6.920000076293945,6.920000076293945,991600
2020-07-27,DDR,6.860000133514404,7.110000133514404,6.75,7.03000020980835,7.03000020980835,2402700
2020-07-28,DDR,6.789999961853027,7.449999809265137,6.699999809265137,7.300000190734863,7.300000190734863,3705600
2020-07-29,DDR,7.349999904632568,7.599999904632568,7.199999809265137,7.570000171661377,7.570000171661377,2464400
2020-07-30,DDR,7.349999904632568,7.510000228881836,7.139999866485596,7.46999979019165,7.46999979019165,1946500
2020-07-31,DDR,7.460000038146973,7.5,7.130000114440918,7.329999923706055,7.329999923706055,1441200
2020-08-03,DDR,7.300000190734863,7.349999904632568,7.070000171661377,7.230000019073486,7.230000019073486,1528500
2020-08-04,DDR,7.210000038146973,7.639999866485596,7.210000038146973,7.539999961853027,7.539999961853027,2033600
2020-08-05,DDR,7.690000057220459,7.820000171661377,7.340000152587891,7.519999980926514,7.519999980926514,1524000
2020-08-06,DDR,7.510000228881836,7.71999979019165,7.389999866485596,7.590000152587891,7.590000152587891,1451600
2020-08-07,DDR,7.519999980926514,7.869999885559082,7.440000057220459,7.800000190734863,7.800000190734863,1772900
2020-08-10,DDR,7.869999885559082,8.399999618530273,7.869999885559082,8.25,8.25,2305600
2020-08-11,DDR,8.380000114440918,8.84000015258789,8.279999732971191,8.319999694824219,8.319999694824219,2464400
2020-08-12,DDR,8.449999809265137,8.470000267028809,8.130000114440918,8.1899995803833,8.1899995803833,949500
2020-08-13,DDR,8.069999694824219,8.289999961853027,7.900000095367432,7.940000057220459,7.940000057220459,808100
2020-08-14,DDR,7.860000133514404,8.239999771118164,7.860000133514404,8.0600004196167,8.0600004196167,818000
2020-08-17,DDR,8.050000190734863,8.09000015258789,7.849999904632568,8.039999961853027,8.039999961853027,1080700
2020-08-18,DDR,8.0,8.079999923706055,7.5,7.590000152587891,7.590000152587891,1815800
2020-08-19,DDR,7.579999923706055,7.679999828338623,7.389999866485596,7.389999866485596,7.389999866485596,1168500
2020-08-20,DDR,7.309999942779541,7.619999885559082,7.309999942779541,7.489999771118164,7.489999771118164,1287700
2020-08-21,DDR,7.409999847412109,7.559999942779541,7.269999980926514,7.389999866485596,7.389999866485596,771300
2020-08-24,DDR,7.409999847412109,7.800000190734863,7.309999942779541,7.800000190734863,7.800000190734863,1479500
2020-08-25,DDR,7.849999904632568,7.989999771118164,7.570000171661377,7.769999980926514,7.769999980926514,1136200
2020-08-26,DDR,7.78000020980835,7.840000152587891,7.510000228881836,7.570000171661377,7.570000171661377,899200
2020-08-27,DDR,7.630000114440918,7.929999828338623,7.599999904632568,7.730000019073486,7.730000019073486,1502300
2020-08-28,DDR,7.849999904632568,7.849999904632568,7.610000133514404,7.789999961853027,7.789999961853027,1173800
2020-08-31,DDR,7.71999979019165,7.78000020980835,7.480000019073486,7.510000228881836,7.510000228881836,1069700
2020-09-01,DDR,7.389999866485596,7.78000020980835,7.300000190734863,7.679999828338623,7.679999828338623,938900
2020-09-02,DDR,7.639999866485596,7.96999979019165,7.53000020980835,7.949999809265137,7.949999809265137,2136700
2020-09-03,DDR,7.989999771118164,8.279999732971191,7.889999866485596,8.0,8.0,3306900
2020-09-04,DDR,8.149999618530273,8.369999885559082,8.020000457763672,8.300000190734863,8.300000190734863,2227700
2020-09-08,DDR,8.229999542236328,8.279999732971191,8.010000228881836,8.0600004196167,8.0600004196167,1107000
2020-09-09,DDR,8.149999618530273,8.210000038146973,7.829999923706055,7.880000114440918,7.880000114440918,1733900
2020-09-10,DDR,7.920000076293945,7.989999771118164,7.75,7.760000228881836,7.760000228881836,1000500
2020-09-11,DDR,7.75,7.75,7.480000019073486,7.539999961853027,7.539999961853027,651000
2020-09-14,DDR,7.659999847412109,8.050000190734863,7.619999885559082,8.020000457763672,8.020000457763672,1027400
2020-09-15,DDR,8.09000015258789,8.550000190734863,8.0600004196167,8.34000015258789,8.34000015258789,1130600
2020-09-16,DDR,8.350000381469727,8.479999542236328,8.220000267028809,8.300000190734863,8.300000190734863,1435700
2020-09-17,DDR,8.170000076293945,8.34000015258789,8.079999923706055,8.100000381469727,8.100000381469727,1688700
2020-09-18,DDR,8.15999984741211,8.15999984741211,7.71999979019165,7.730000019073486,7.730000019073486,3384800
2020-09-21,DDR,7.519999980926514,7.590000152587891,7.150000095367432,7.199999809265137,7.199999809265137,1341100
2020-09-22,DDR,7.21999979019165,7.440000057220459,7.159999847412109,7.159999847412109,7.159999847412109,1029300
2020-09-23,DDR,7.159999847412109,7.329999923706055,6.690000057220459,6.699999809265137,6.699999809265137,1610500
2020-09-24,DDR,6.690000057220459,6.96999979019165,6.590000152587891,6.800000190734863,6.800000190734863,1150000
2020-09-25,DDR,6.710000038146973,6.96999979019165,6.710000038146973,6.860000133514404,6.860000133514404,1355200
2020-09-28,DDR,7.050000190734863,7.369999885559082,7.039999961853027,7.260000228881836,7.260000228881836,1538900
2020-09-29,DDR,7.25,7.260000228881836,7.0,7.179999828338623,7.179999828338623,1069800
2020-09-30,DDR,7.230000019073486,7.489999771118164,7.099999904632568,7.199999809265137,7.199999809265137,1192700
2020-10-01,DDR,7.199999809265137,7.449999809265137,7.170000076293945,7.389999866485596,7.389999866485596,834200
2020-10-02,DDR,7.170000076293945,7.639999866485596,7.130000114440918,7.619999885559082,7.619999885559082,1046600
2020-10-05,DDR,7.670000076293945,7.739999771118164,7.480000019073486,7.690000057220459,7.690000057220459,1136100
2020-10-06,DDR,7.78000020980835,7.909999847412109,7.550000190734863,7.559999942779541,7.559999942779541,2190500
2020-10-07,DDR,7.639999866485596,7.75,7.559999942779541,7.619999885559082,7.619999885559082,1356100
2020-10-08,DDR,7.71999979019165,7.840000152587891,7.630000114440918,7.829999923706055,7.829999923706055,1112700
2020-10-09,DDR,7.860000133514404,7.900000095367432,7.630000114440918,7.699999809265137,7.699999809265137,965100
2020-10-12,DDR,7.710000038146973,7.78000020980835,7.53000020980835,7.75,7.75,818400
2020-10-13,DDR,7.630000114440918,7.699999809265137,7.360000133514404,7.440000057220459,7.440000057220459,791100
2020-10-14,DDR,7.449999809265137,7.53000020980835,7.320000171661377,7.340000152587891,7.340000152587891,623400
2020-10-15,DDR,7.239999771118164,7.5,7.239999771118164,7.449999809265137,7.449999809265137,934700
2020-10-16,DDR,7.429999828338623,7.510000228881836,7.199999809265137,7.300000190734863,7.300000190734863,772900
2020-10-19,DDR,7.320000171661377,7.409999847412109,7.150000095367432,7.190000057220459,7.190000057220459,1393400
2020-10-20,DDR,7.28000020980835,7.369999885559082,7.190000057220459,7.230000019073486,7.230000019073486,727300
2020-10-21,DDR,7.210000038146973,7.269999980926514,7.090000152587891,7.21999979019165,7.21999979019165,743000
2020-10-22,DDR,7.21999979019165,7.5,7.179999828338623,7.489999771118164,7.489999771118164,695500
2020-10-23,DDR,7.599999904632568,7.760000228881836,7.519999980926514,7.679999828338623,7.679999828338623,940700
2020-10-26,DDR,7.659999847412109,7.659999847412109,7.340000152587891,7.489999771118164,7.489999771118164,1757700
2020-10-27,DDR,7.449999809265137,7.630000114440918,7.070000171661377,7.079999923706055,7.079999923706055,2054700
2020-10-28,DDR,6.860000133514404,7.050000190734863,6.78000020980835,6.829999923706055,6.829999923706055,1744500
2020-10-29,DDR,6.760000228881836,6.989999771118164,6.639999866485596,6.909999847412109,6.909999847412109,1266300
2020-10-30,DDR,6.840000152587891,7.010000228881836,6.730000019073486,6.809999942779541,6.809999942779541,1173300
2020-11-02,DDR,6.900000095367432,6.960000038146973,6.75,6.909999847412109,6.909999847412109,1052700
2020-11-03,DDR,7.039999961853027,7.389999866485596,6.989999771118164,7.349999904632568,7.349999904632568,1185700
2020-11-04,DDR,7.309999942779541,7.360000133514404,7.03000020980835,7.190000057220459,7.190000057220459,662700
2020-11-05,DDR,7.269999980926514,7.440000057220459,7.150000095367432,7.190000057220459,7.190000057220459,934600
2020-11-06,DDR,7.210000038146973,7.400000095367432,6.860000133514404,6.880000114440918,6.880000114440918,1005600
2020-11-09,DDR,7.539999961853027,9.260000228881836,7.539999961853027,9.06999969482422,9.06999969482422,3288600
2020-11-10,DDR,9.079999923706056,9.390000343322754,8.920000076293945,9.170000076293944,9.170000076293944,2818700
2020-11-11,DDR,9.149999618530272,9.149999618530272,8.710000038146973,8.869999885559082,8.869999885559082,1894900
2020-11-12,DDR,8.760000228881836,8.880000114440918,8.569999694824219,8.6899995803833,8.6899995803833,2458600
2020-11-13,DDR,8.710000038146973,9.270000457763672,8.710000038146973,9.199999809265137,9.199999809265137,2485300
2020-11-16,DDR,9.760000228881836,9.93000030517578,9.520000457763672,9.760000228881836,9.760000228881836,2069500
2020-11-17,DDR,9.529999732971191,9.760000228881836,9.31999969482422,9.65999984741211,9.65999984741211,1887600
2020-11-18,DDR,9.710000038146973,10.199999809265137,9.579999923706056,9.800000190734863,9.800000190734863,2873500
2020-11-19,DDR,9.699999809265137,10.260000228881836,9.550000190734863,10.260000228881836,10.260000228881836,2170100
2020-11-20,DDR,10.18000030517578,10.609999656677246,10.010000228881836,10.369999885559082,10.369999885559082,3203500
2020-11-23,DDR,10.550000190734863,11.0,10.5,10.789999961853027,10.789999961853027,2686700
2020-11-24,DDR,11.140000343322754,11.510000228881836,11.09000015258789,11.140000343322754,11.140000343322754,2836200
2020-11-25,DDR,10.979999542236328,11.050000190734863,10.729999542236328,10.899999618530272,10.899999618530272,3031200
2020-11-27,DDR,10.90999984741211,10.970000267028809,10.56999969482422,10.6899995803833,10.6899995803833,786200
2020-11-30,DDR,10.720000267028809,10.770000457763672,10.09000015258789,10.09000015258789,10.09000015258789,1827300
2020-12-01,DDR,10.279999732971191,10.529999732971191,10.109999656677246,10.390000343322754,10.390000343322754,1951900
2020-12-02,DDR,10.289999961853027,10.449999809265137,10.09000015258789,10.380000114440918,10.380000114440918,1596900
2020-12-03,DDR,10.449999809265137,10.630000114440918,10.329999923706056,10.369999885559082,10.369999885559082,1949200
2020-12-04,DDR,10.56999969482422,10.619999885559082,10.4399995803833,10.600000381469728,10.600000381469728,2428000
2020-12-07,DDR,10.5,10.600000381469728,10.18000030517578,10.18000030517578,10.18000030517578,1631400
2020-12-08,DDR,10.039999961853027,10.359999656677246,10.039999961853027,10.149999618530272,10.149999618530272,1575700
2020-12-09,DDR,10.239999771118164,10.5600004196167,10.149999618530272,10.4399995803833,10.4399995803833,4484800
2020-12-10,DDR,10.5,10.59000015258789,10.289999961853027,10.31999969482422,10.31999969482422,3111700
2020-12-11,DDR,10.149999618530272,10.329999923706056,10.06999969482422,10.289999961853027,10.289999961853027,1185400
2020-12-14,DDR,10.520000457763672,10.56999969482422,10.09000015258789,10.100000381469728,10.100000381469728,2935200
2020-12-15,DDR,10.199999809265137,10.609999656677246,10.119999885559082,10.600000381469728,10.600000381469728,1527200
2020-12-16,DDR,10.68000030517578,10.699999809265137,10.34000015258789,10.4399995803833,10.4399995803833,1640100
2020-12-17,DDR,10.510000228881836,10.579999923706056,10.289999961853027,10.470000267028809,10.470000267028809,1554800
2020-12-18,DDR,10.399999618530272,10.449999809265137,10.039999961853027,10.18000030517578,10.18000030517578,3134500
2020-12-21,DDR,9.920000076293944,10.25,9.729999542236328,10.15999984741211,10.15999984741211,1746400
2020-12-22,DDR,10.199999809265137,10.220000267028809,9.90999984741211,10.140000343322754,10.140000343322754,1176000
2020-12-23,DDR,10.229999542236328,10.420000076293944,10.140000343322754,10.1899995803833,10.1899995803833,1679700
2020-12-24,DDR,10.25,10.289999961853027,10.039999961853027,10.229999542236328,10.229999542236328,369200
2020-12-28,DDR,10.300000190734863,10.40999984741211,10.1899995803833,10.270000457763672,10.270000457763672,1153400
2020-12-29,DDR,10.329999923706056,10.390000343322754,9.979999542236328,10.010000228881836,10.010000228881836,831300
2020-12-30,DDR,10.020000457763672,10.359999656677246,10.020000457763672,10.119999885559082,10.119999885559082,1038000
2020-12-31,DDR,10.050000190734863,10.15999984741211,9.93000030517578,10.119999885559082,10.119999885559082,1018800
2021-01-04,DDR,10.199999809265137,10.260000228881836,9.59000015258789,9.720000267028809,9.720000267028809,1807200
2021-01-05,DDR,9.699999809265137,9.90999984741211,9.6899995803833,9.789999961853027,9.789999961853027,1141100
2021-01-06,DDR,9.970000267028809,10.520000457763672,9.970000267028809,10.390000343322754,10.390000343322754,2512300
2021-01-07,DDR,10.369999885559082,10.369999885559082,10.100000381469728,10.220000267028809,10.220000267028809,995500
2021-01-08,DDR,10.199999809265137,10.359999656677246,10.079999923706056,10.289999961853027,10.289999961853027,1737200
2021-01-11,DDR,10.239999771118164,10.380000114440918,10.050000190734863,10.140000343322754,10.140000343322754,1125300
2021-01-12,DDR,10.140000343322754,10.470000267028809,10.050000190734863,10.449999809265137,10.449999809265137,978300
2021-01-13,DDR,10.420000076293944,10.65999984741211,10.399999618530272,10.649999618530272,10.649999618530272,1728500
2021-01-14,DDR,10.920000076293944,11.300000190734863,10.75,11.1899995803833,11.1899995803833,1432200
2021-01-15,DDR,10.989999771118164,11.529999732971191,10.890000343322754,11.4399995803833,11.4399995803833,1728500
2021-01-19,DDR,11.539999961853027,11.5600004196167,11.199999809265137,11.399999618530272,11.399999618530272,1130600
2021-01-20,DDR,11.380000114440918,11.760000228881836,11.369999885559082,11.479999542236328,11.479999542236328,959300
2021-01-21,DDR,11.380000114440918,11.390000343322754,10.890000343322754,11.079999923706056,11.079999923706056,1149800
2021-01-22,DDR,10.880000114440918,11.369999885559082,10.770000457763672,11.369999885559082,11.369999885559082,1010000
2021-01-25,DDR,11.15999984741211,11.949999809265137,11.15999984741211,11.529999732971191,11.529999732971191,1041600
2021-01-26,DDR,11.68000030517578,11.920000076293944,11.619999885559082,11.890000343322754,11.890000343322754,1246500
2021-01-27,DDR,11.600000381469728,12.079999923706056,11.600000381469728,11.729999542236328,11.729999542236328,1529500
2021-01-28,DDR,11.899999618530272,12.029999732971191,11.529999732971191,11.600000381469728,11.600000381469728,2096700
2021-01-29,DDR,11.479999542236328,11.529999732971191,10.869999885559082,11.09000015258789,11.09000015258789,2240400
2021-02-01,DDR,11.149999618530272,11.18000030517578,10.760000228881836,11.15999984741211,11.15999984741211,1212800
2021-02-02,DDR,11.260000228881836,11.34000015258789,11.010000228881836,11.239999771118164,11.239999771118164,980600
2021-02-03,DDR,11.140000343322754,11.3100004196167,10.960000038146973,11.3100004196167,11.3100004196167,641700
2021-02-04,DDR,11.31999969482422,11.56999969482422,11.220000267028809,11.479999542236328,11.479999542236328,763000
2021-02-05,DDR,11.619999885559082,11.640000343322754,11.449999809265137,11.59000015258789,11.59000015258789,527400
2021-02-08,DDR,11.640000343322754,11.920000076293944,11.489999771118164,11.829999923706056,11.829999923706056,573600
2021-02-09,DDR,11.890000343322754,12.0,11.6899995803833,11.989999771118164,11.989999771118164,667900
2021-02-10,DDR,12.0,12.350000381469728,11.93000030517578,12.06999969482422,12.06999969482422,884400
2021-02-11,DDR,12.15999984741211,12.520000457763672,11.989999771118164,12.210000038146973,12.210000038146973,2647000
2021-02-12,DDR,12.15999984741211,12.369999885559082,12.0600004196167,12.31999969482422,12.31999969482422,3204000
2021-02-16,DDR,12.420000076293944,12.520000457763672,12.100000381469728,12.239999771118164,12.239999771118164,1501000
2021-02-17,DDR,12.119999885559082,12.529999732971191,12.029999732971191,12.529999732971191,12.529999732971191,1597300
2021-02-18,DDR,12.479999542236328,12.859999656677246,12.050000190734863,12.56999969482422,12.56999969482422,3466800
2021-02-19,DDR,12.5,12.899999618530272,12.489999771118164,12.869999885559082,12.869999885559082,1602600
2021-02-22,DDR,12.850000381469728,13.130000114440918,12.670000076293944,13.06999969482422,13.06999969482422,3049500
2021-02-23,DDR,13.229999542236328,13.4399995803833,12.979999542236328,13.31999969482422,13.31999969482422,1812500
2021-02-24,DDR,13.460000038146973,13.829999923706056,13.31999969482422,13.729999542236328,13.729999542236328,2027300
2021-02-25,DDR,13.869999885559082,14.079999923706056,13.399999618530272,13.449999809265137,13.449999809265137,1692100
2021-02-26,DDR,13.5,13.720000267028809,13.210000038146973,13.34000015258789,13.34000015258789,1878400
2021-03-01,DDR,13.619999885559082,13.8100004196167,13.479999542236328,13.5600004196167,13.5600004196167,1287700
2021-03-02,DDR,12.989999771118164,13.079999923706056,12.640000343322754,12.789999961853027,12.789999961853027,11090100
2021-03-03,DDR,12.90999984741211,13.210000038146973,12.890000343322754,12.890000343322754,12.890000343322754,9966300
2021-03-04,DDR,13.09000015258789,13.359999656677246,12.619999885559082,13.039999961853027,13.039999961853027,3771300
2021-03-05,DDR,13.199999809265137,13.31999969482422,12.550000190734863,13.25,13.25,4812100
2021-03-08,DDR,13.350000381469728,13.59000015258789,13.06999969482422,13.489999771118164,13.489999771118164,4131300
2021-03-09,DDR,13.510000228881836,13.630000114440918,12.949999809265137,13.420000076293944,13.420000076293944,2533000
2021-03-10,DDR,13.489999771118164,14.029999732971191,13.350000381469728,13.869999885559082,13.869999885559082,1734600
2021-03-11,DDR,13.899999618530272,14.010000228881836,13.649999618530272,13.920000076293944,13.920000076293944,1604100
2021-03-12,DDR,13.899999618530272,14.260000228881836,13.850000381469728,14.239999771118164,14.239999771118164,1817200
2021-03-15,DDR,14.199999809265137,14.420000076293944,13.979999542236328,14.220000267028809,14.220000267028809,2263400
2021-03-16,DDR,14.199999809265137,14.199999809265137,13.56999969482422,13.75,13.75,2145600
2021-03-17,DDR,13.329999923706056,13.579999923706056,13.100000381469728,13.449999809265137,13.449999809265137,4434900
2021-03-18,DDR,13.460000038146973,13.84000015258789,13.260000228881836,13.420000076293944,13.420000076293944,2242000
2021-03-19,DDR,13.350000381469728,13.789999961853027,13.210000038146973,13.420000076293944,13.420000076293944,3569400
2021-03-22,DDR,13.420000076293944,13.489999771118164,12.859999656677246,13.029999732971191,13.029999732971191,1545600
2021-03-23,DDR,12.890000343322754,13.0600004196167,12.59000015258789,12.6899995803833,12.6899995803833,2385200
2021-03-24,DDR,12.829999923706056,13.18000030517578,12.670000076293944,12.710000038146973,12.710000038146973,1883300
2021-03-25,DDR,12.529999732971191,13.369999885559082,12.510000228881836,13.270000457763672,13.270000457763672,2061600
2021-03-26,DDR,13.43000030517578,13.640000343322754,13.1899995803833,13.460000038146973,13.460000038146973,2060700
2021-03-29,DDR,13.350000381469728,13.460000038146973,13.109999656677246,13.15999984741211,13.15999984741211,1506300
2021-03-30,DDR,13.239999771118164,13.75,13.149999618530272,13.729999542236328,13.729999542236328,1876700
2021-03-31,DDR,13.710000038146973,13.81999969482422,13.5,13.5600004196167,13.5600004196167,3725200
2021-04-01,DDR,13.640000343322754,13.800000190734863,13.529999732971191,13.800000190734863,13.800000190734863,1888900
2021-04-05,DDR,13.9399995803833,14.0,13.65999984741211,13.779999732971191,13.779999732971191,1837900
2021-04-06,DDR,13.779999732971191,13.960000038146973,13.670000076293944,13.93000030517578,13.93000030517578,1684700
2021-04-07,DDR,13.960000038146973,14.050000190734863,13.699999809265137,13.949999809265137,13.949999809265137,1185400
2021-04-08,DDR,13.850000381469728,13.949999809265137,13.729999542236328,13.869999885559082,13.869999885559082,1784900
2021-04-09,DDR,13.90999984741211,13.9399995803833,13.760000228881836,13.84000015258789,13.84000015258789,1573400
2021-04-12,DDR,13.869999885559082,13.869999885559082,13.579999923706056,13.699999809265137,13.699999809265137,1253100
2021-04-13,DDR,13.619999885559082,13.829999923706056,13.539999961853027,13.789999961853027,13.789999961853027,1238100
2021-04-14,DDR,13.81999969482422,14.039999961853027,13.75,13.760000228881836,13.760000228881836,1232000
2021-04-15,DDR,13.93000030517578,14.199999809265137,13.779999732971191,14.130000114440918,14.130000114440918,1956000
2021-04-16,DDR,14.239999771118164,14.300000190734863,14.06999969482422,14.06999969482422,14.06999969482422,1668100
2021-04-19,DDR,14.0600004196167,14.0600004196167,13.850000381469728,14.050000190734863,14.050000190734863,2397900
2021-04-20,DDR,13.9399995803833,14.18000030517578,13.789999961853027,14.0,14.0,2090100
2021-04-21,DDR,14.0,14.489999771118164,13.880000114440918,14.479999542236328,14.479999542236328,2091300
2021-04-22,DDR,14.529999732971191,14.81999969482422,14.210000038146973,14.289999961853027,14.289999961853027,2570400
2021-04-23,DDR,14.699999809265137,14.989999771118164,14.529999732971191,14.970000267028809,14.970000267028809,2418800
2021-04-26,DDR,15.109999656677246,15.3100004196167,14.970000267028809,15.029999732971191,15.029999732971191,1934200
2021-04-27,DDR,15.18000030517578,15.18000030517578,14.800000190734863,14.920000076293944,14.920000076293944,3374200
2021-04-28,DDR,14.93000030517578,15.020000457763672,14.829999923706056,14.899999618530272,14.899999618530272,3067900
2021-04-29,DDR,14.970000267028809,15.170000076293944,14.699999809265137,14.859999656677246,14.859999656677246,1833700
2021-04-30,DDR,14.729999542236328,14.829999923706056,14.630000114440918,14.75,14.75,1883700
2021-05-03,DDR,14.850000381469728,14.9399995803833,14.6899995803833,14.800000190734863,14.800000190734863,1895800
2021-05-04,DDR,14.8100004196167,14.989999771118164,14.68000030517578,14.9399995803833,14.9399995803833,2514100
2021-05-05,DDR,14.869999885559082,14.9399995803833,14.390000343322754,14.399999618530272,14.399999618530272,1333400
2021-05-06,DDR,14.449999809265137,14.720000267028809,14.350000381469728,14.6899995803833,14.6899995803833,1394100
2021-05-07,DDR,14.670000076293944,14.899999618530272,14.59000015258789,14.779999732971191,14.779999732971191,1993600
2021-05-10,DDR,14.84000015258789,14.989999771118164,14.380000114440918,14.380000114440918,14.380000114440918,3015400
2021-05-11,DDR,14.119999885559082,14.4399995803833,13.899999618530272,14.40999984741211,14.40999984741211,3423000
2021-05-12,DDR,14.43000030517578,14.56999969482422,13.9399995803833,13.979999542236328,13.979999542236328,2457800
2021-05-13,DDR,13.989999771118164,14.43000030517578,13.979999542236328,14.34000015258789,14.34000015258789,1815700
2021-05-14,DDR,14.449999809265137,14.789999961853027,14.390000343322754,14.770000457763672,14.770000457763672,1967100
2021-05-17,DDR,14.699999809265137,14.770000457763672,14.550000190734863,14.710000038146973,14.710000038146973,1161600
2021-05-18,DDR,14.729999542236328,14.869999885559082,14.5600004196167,14.579999923706056,14.579999923706056,999700
2021-05-19,DDR,14.449999809265137,14.5,14.039999961853027,14.289999961853027,14.289999961853027,2089200
2021-05-20,DDR,14.279999732971191,14.390000343322754,14.06999969482422,14.3100004196167,14.3100004196167,1625900
2021-05-21,DDR,14.380000114440918,14.460000038146973,14.270000457763672,14.369999885559082,14.369999885559082,1146300
2021-05-24,DDR,14.510000228881836,14.640000343322754,14.34000015258789,14.600000381469728,14.600000381469728,1197400
2021-05-25,DDR,14.649999618530272,14.829999923706056,14.489999771118164,14.520000457763672,14.520000457763672,1506300
2021-05-26,DDR,14.529999732971191,14.81999969482422,14.40999984741211,14.800000190734863,14.800000190734863,1410900
2021-05-27,DDR,14.899999618530272,15.0600004196167,14.729999542236328,14.880000114440918,14.880000114440918,1687400
2021-05-28,DDR,14.9399995803833,15.020000457763672,14.800000190734863,14.970000267028809,14.970000267028809,1125500
2021-06-01,DDR,14.970000267028809,15.399999618530272,14.970000267028809,15.350000381469728,15.350000381469728,2389400
2021-06-02,DDR,15.43000030517578,15.609999656677246,15.260000228881836,15.579999923706056,15.579999923706056,1845100
2021-06-03,DDR,15.59000015258789,15.59000015258789,15.25,15.270000457763672,15.270000457763672,1501100
2021-06-04,DDR,15.270000457763672,15.4399995803833,15.020000457763672,15.06999969482422,15.06999969482422,1483900
2021-06-07,DDR,15.100000381469728,15.449999809265137,15.100000381469728,15.34000015258789,15.34000015258789,1271200
2021-06-08,DDR,15.40999984741211,15.640000343322754,15.390000343322754,15.579999923706056,15.579999923706056,1912200
2021-06-09,DDR,15.539999961853027,15.760000228881836,15.520000457763672,15.760000228881836,15.760000228881836,2211400
2021-06-10,DDR,15.770000457763672,15.899999618530272,15.59000015258789,15.710000038146973,15.710000038146973,1938800
2021-06-11,DDR,15.670000076293944,15.789999961853027,15.579999923706056,15.699999809265137,15.699999809265137,1743700
2021-06-14,DDR,15.720000267028809,15.90999984741211,15.56999969482422,15.65999984741211,15.65999984741211,1284600
2021-06-15,DDR,15.550000190734863,15.68000030517578,15.380000114440918,15.449999809265137,15.449999809265137,1245600
2021-06-16,DDR,15.399999618530272,15.529999732971191,15.25,15.300000190734863,15.300000190734863,1330500
2021-06-17,DDR,15.300000190734863,15.390000343322754,14.729999542236328,14.93000030517578,14.93000030517578,1481800
2021-06-18,DDR,14.770000457763672,14.920000076293944,14.59000015258789,14.619999885559082,14.619999885559082,2725100
2021-06-21,DDR,14.720000267028809,15.1899995803833,14.68000030517578,15.100000381469728,15.100000381469728,1823100
2021-06-22,DDR,15.06999969482422,15.119999885559082,14.789999961853027,14.8100004196167,14.8100004196167,2010500
2021-06-23,DDR,14.789999961853027,15.029999732971191,14.739999771118164,14.81999969482422,14.81999969482422,2007400
2021-06-24,DDR,14.920000076293944,14.989999771118164,14.600000381469728,14.899999618530272,14.899999618530272,1879400
2021-06-25,DDR,14.869999885559082,15.18000030517578,14.84000015258789,15.020000457763672,15.020000457763672,5027300
2021-06-28,DDR,15.010000228881836,15.020000457763672,14.5,14.859999656677246,14.859999656677246,2617600
2021-06-29,DDR,14.850000381469728,15.220000267028809,14.8100004196167,15.010000228881836,15.010000228881836,2646200
2021-06-30,DDR,15.0,15.140000343322754,14.949999809265137,15.0600004196167,15.0600004196167,3481100
2021-07-01,DDR,15.140000343322754,15.31999969482422,14.920000076293944,15.06999969482422,15.06999969482422,1766600
2021-07-02,DDR,15.109999656677246,15.199999809265137,14.859999656677246,14.920000076293944,14.920000076293944,1020100
2021-07-06,DDR,14.920000076293944,14.989999771118164,14.630000114440918,14.979999542236328,14.979999542236328,1924500
2021-07-07,DDR,14.829999923706056,14.9399995803833,14.640000343322754,14.779999732971191,14.779999732971191,2597800
2021-07-08,DDR,14.550000190734863,14.729999542236328,14.369999885559082,14.529999732971191,14.529999732971191,2136000
2021-07-09,DDR,14.739999771118164,15.149999618530272,14.729999542236328,15.140000343322754,15.140000343322754,985500
2021-07-12,DDR,15.0,15.470000267028809,14.890000343322754,15.460000038146973,15.460000038146973,1666100
2021-07-13,DDR,15.380000114440918,15.390000343322754,15.0,15.079999923706056,15.079999923706056,2554200
2021-07-14,DDR,15.109999656677246,15.329999923706056,15.0,15.229999542236328,15.229999542236328,1197900
2021-07-15,DDR,15.109999656677246,15.260000228881836,15.020000457763672,15.210000038146973,15.210000038146973,1377300
2021-07-16,DDR,15.359999656677246,15.390000343322754,14.960000038146973,14.989999771118164,14.989999771118164,1124200
2021-07-19,DDR,14.640000343322754,14.729999542236328,14.079999923706056,14.1899995803833,14.1899995803833,2185800
2021-07-20,DDR,14.260000228881836,15.289999961853027,14.229999542236328,15.199999809265137,15.199999809265137,2766300
2021-07-21,DDR,15.369999885559082,15.670000076293944,15.239999771118164,15.479999542236328,15.479999542236328,1365500
2021-07-22,DDR,15.31999969482422,15.390000343322754,14.890000343322754,14.979999542236328,14.979999542236328,1206400
2021-07-23,DDR,15.09000015258789,15.25,14.869999885559082,15.15999984741211,15.15999984741211,916700
2021-07-26,DDR,15.1899995803833,15.5,15.140000343322754,15.399999618530272,15.399999618530272,1121100
2021-07-27,DDR,15.239999771118164,15.5,15.149999618530272,15.470000267028809,15.470000267028809,2119500
2021-07-28,DDR,15.579999923706056,15.619999885559082,15.149999618530272,15.40999984741211,15.40999984741211,1926000
2021-07-29,DDR,15.510000228881836,16.520000457763672,15.510000228881836,16.040000915527344,16.040000915527344,2857700
2021-07-30,DDR,16.170000076293945,16.469999313354492,15.850000381469728,15.859999656677246,15.859999656677246,2232400
2021-08-03,DDR,15.90999984741211,15.90999984741211,15.520000457763672,15.81999969482422,15.81999969482422,2067100
2021-08-04,DDR,15.670000076293944,15.949999809265137,15.40999984741211,15.43000030517578,15.43000030517578,116020000
2021-08-05,DDR,15.550000190734863,15.989999771118164,15.539999961853027,15.8100004196167,15.8100004196167,168410000
2021-08-06,DDR,16.040000915527344,16.200000762939453,15.81999969482422,16.040000915527344,16.040000915527344,105400000
2021-08-09,DDR,15.9399995803833,15.989999771118164,15.739999771118164,15.760000228881836,15.760000228881836,88110000
2021-08-10,DDR,15.729999542236328,15.90999984741211,15.609999656677246,15.68000030517578,15.68000030517578,127030000
2021-08-11,DDR,15.75,16.030000686645508,15.539999961853027,16.0,16.0,85060000
2021-08-12,DDR,16.1299991607666,16.149999618530273,15.470000267028809,15.59000015258789,15.59000015258789,170530000
2021-08-13,DDR,15.59000015258789,15.770000457763672,15.550000190734863,15.699999809265137,15.699999809265137,79030000
2021-08-16,DDR,15.579999923706056,15.850000381469728,15.460000038146973,15.529999732971191,15.529999732971191,78990000
2021-08-17,DDR,15.289999961853027,15.399999618530272,14.75,15.06999969482422,15.06999969482422,265480000
2021-08-18,DDR,14.739999771118164,15.31999969482422,14.710000038146973,15.149999618530272,15.149999618530272,142710000
2021-08-19,DDR,15.010000228881836,15.329999923706056,14.869999885559082,15.31999969482422,15.31999969482422,195380000
2021-08-20,DDR,15.289999961853027,15.5600004196167,15.050000190734863,15.529999732971191,15.529999732971191,134830000
2021-08-23,DDR,15.550000190734863,15.68000030517578,15.43000030517578,15.529999732971191,15.529999732971191,114970000
2021-08-24,DDR,15.56999969482422,15.699999809265137,15.5,15.670000076293944,15.670000076293944,82290000
2021-08-25,DDR,15.720000267028809,15.970000267028809,15.5600004196167,15.789999961853027,15.789999961853027,130600000
2021-08-26,DDR,15.84000015258789,15.84000015258789,15.510000228881836,15.520000457763672,15.520000457763672,125630000
2021-08-27,DDR,15.649999618530272,16.260000228881836,15.649999618530272,16.200000762939453,16.200000762939453,156930000
2021-08-30,DDR,16.280000686645508,16.309999465942383,15.84000015258789,15.960000038146973,15.960000038146973,101200000
2021-08-31,DDR,15.890000343322754,16.239999771118164,15.779999732971191,16.110000610351562,16.110000610351562,261180000
2021-09-01,DDR,16.229999542236328,16.290000915527344,16.079999923706055,16.15999984741211,16.15999984741211,157710000
2021-09-02,DDR,16.219999313354492,16.280000686645508,16.049999237060547,16.15999984741211,16.15999984741211,136140000
2021-09-03,DDR,16.079999923706055,16.18000030517578,15.920000076293944,16.15999984741211,16.15999984741211,67460000
2021-09-30,DDR,15.75,15.8100004196167,15.380000114440918,15.4399995803833,15.4399995803833,215240000
